URL,Reason,Title,Date
"https://community.esri.com/t5/arcgis-experience-builder-blog/what-s-coming-in-arcgis-experience-builder-june/ba-p/1622055","Item duplicado","What's Coming in ArcGIS Experience Builder (June 2025)","2025-06-09T22:01:55.000Z"
"https://www.esri.com/arcgis-blog/products/unreal-engine/developers/arcgis-maps-sdk-for-unreal-engine-empowers-st-louis-to-bridge-urban-divides","Item duplicado","ArcGIS Maps SDK for Unreal Engine empowers St Louis to bridge urban divides","2025-06-09T23:31:45.000Z"
"https://www.esri.com/arcgis-blog/products/sdk-flutter/developers/build-smarter-location-aware-apps-with-geotriggers-in-arcgis-maps-sdk-for-flutter","Item duplicado","Build smarter location-aware apps with Geotriggers in ArcGIS Maps SDK for Flutter","2025-06-10T14:30:14.000Z"
"https://www.esri.com/arcgis-blog/products/developers/developers/migrating-from-arcgis-engine-part-2-developer-components","Item duplicado","Migrating from ArcGIS Engine – Part 2: Developer Components","2025-06-06T11:00:47.000Z"
"https://www.esri.com/arcgis-blog/products/sdk-kotlin/developers/the-science-of-where-i-am-displaying-device-location","Item duplicado","The Science of Where I Am – Displaying Device Location with the Native Maps SDKs","2025-06-05T18:08:41.000Z"
"https://www.esri.com/arcgis-blog/products/developers/announcements/whats-new-in-calcite-design-system-june-2025","Item duplicado","What’s New in Calcite Design System 3.2 (June 2025)","2025-06-03T12:29:00.000Z"
"https://www.esri.com/arcgis-blog/products/geoanalytics-engine/analytics/solving-big-data-geoanalytics-challenges-with-arcgis-geoanalytics-engine-in-aws-glue","Item duplicado","Solving Big Data Geoanalytics Challenges with ArcGIS GeoAnalytics Engine in AWS Glue","2025-05-20T15:03:29.000Z"
"https://www.esri.com/arcgis-blog/products/arcgis-pro/geoai/boosting-geoai-model-performance-with-test-time-augmentation","Item duplicado","Boosting GeoAI Model Performance with Test Time Augmentation","2025-05-15T08:05:38.000Z"
"https://www.esri.com/arcgis-blog/products/sdk-qt/developers/how-to-create-an-arcgis-maps-sdk-for-qt-android-app-using-cmake","Item duplicado","How to create an ArcGIS Maps SDK for Qt Android App using CMake","2025-05-13T17:05:27.000Z"
"https://www.esri.com/arcgis-blog/products/arcgis/geoai/task-and-generalized-pretrained-models","Item duplicado","Pretrained Models in ArcGIS: Comparing Task-Specific and Generalized Vision-Language models","2025-05-12T18:31:52.000Z"
"https://www.esri.com/arcgis-blog/products/maps-sdk/developers/creating-spatially-accurate-apps-with-the-arcgis-maps-sdks-for-game-engines","Item duplicado","Creating Spatially Accurate Apps with the ArcGIS Maps SDKs for Game Engines","2025-05-05T17:00:24.000Z"
"https://x.com/EsriDevs/status/1932226258546430291","URL de red social","<b>Esri</b> Developers on X: &quot;   Frox leverages <b>ArcGIS</b> Maps <b>SDK</b> for .NET to enhance surveying ...","2025-06-10T14:26:31.000Z"